month,total_cost,avg_record_cost,num_records
2024-01,3034995.52,77820.39794871795,39
2024-02,3153669.09,80863.31,39
2024-03,3539254.56,90750.11692307693,39
2024-04,3601629.19,92349.46641025641,39
2024-05,4042880.71,103663.60794871795,39
2024-06,4140780.7,106173.86410256411,39
