month,total_cost,avg_daily_cost,num_records
2024-01,909453.13,2444.7664784946237,372
2024-02,901258.74,2589.8239655172415,348
2024-03,1015134.06,2728.855,372
2024-04,1063419.7,2953.943611111111,360
2024-05,1158237.93,3113.542822580645,372
2024-06,1180213.65,3278.3712499999997,360
