year_month,total_cost,avg_record_cost,num_records,month
2024-01,3226761.31,45447.3423943662,71,2024-01
2024-02,3349092.0,47170.30985915493,71,2024-02
2024-03,3772771.79,53137.630845070424,71,2024-03
2024-04,3835823.12,54025.677746478876,71,2024-04
2024-05,4320589.36,60853.37126760564,71,2024-05
2024-06,4424412.66,62315.671267605634,71,2024-06
